Card Name,Occurences,Occurences
Abandon Reason,3,1
Reckless Wurm,3,1
Recall,1,1
Reap,9,1
Reanimate,84,1
Realm Seekers,3,1
Reality Shift,7,1
Reality Scramble,3,1
Reality Acid,3,1
"Razaketh, the Foulblooded",26,1
Ravenous Slime,1,1
Ravages of War,2,1
Raugrin Triome,2,1
"Rashmi, Eternities Crafter",6,1
Rapid Hybridization,17,1
"Rankle, Master of Pranks",4,1
Ranger-Captain of Eos,65,1
Ranger of Eos,1,1
Ramunap Excavator,6,1
Ram Through,2,1
Rakshasa Deathdealer,1,1
Rakdos Signet,8,1
Rakdos Guildgate,1,1
Rain of Filth,67,1
"Ragavan, Nimble Pilferer",78,1
Reckless Fireweaver,2,1
Reclamation Sage,15,1
Quicksilver Gargantuan,2,1
Recoup,1,1
Retract,6,1
Rest in Peace,19,1
Reshape,15,1
Resculpt,29,1
Repeal,5,1
Renegade Tactics,3,1
Renegade Rallier,1,1
Remote Farm,2,1
Remorseful Cleric,2,1
Remand,3,1
Relic Seeker,2,1
Relic Golem,2,1
Relentless Assault,2,1
Rejuvenating Springs,64,1
Reiterate,4,1
Reincarnation,2,1
Regrowth,9,1
Regal Force,6,1
Regal Caracal,1,1
Reflecting Pool,6,1
Red Elemental Blast,137,1
Recurring Insight,6,1
Recruiter of the Guard,25,1
Quirion Ranger,24,1
Quicken,2,1
Phyrexian Tower,56,1
Prismatic Omen,1,1
Prime Speaker Zegana,3,1
Prime Speaker Vannifar,2,1
Priest of Urabrask,2,1
Priest of Titania,43,1
Pride Sovereign,1,1
Preordain,71,1
Precognition Field,1,1
Praetor's Grasp,110,1
Power Artifact,5,1
Postmortem Lunge,10,1
Possibility Storm,8,1
Portable Hole,4,1
Pongify,30,1
Ponder,120,1
Polymorph,5,1
Polluted Delta,281,1
Plunge into Darkness,15,1
Plumb the Forbidden,9,1
Play of the Game,1,1
Plateau,59,1
Plains,46,1
Plaguecrafter,2,1
"Pir, Imaginative Rascal",2,1
Prismatic Lens,7,1
Prismatic Vista,109,1
Qasali Pridemage,2,1
Profane Tutor,2,1
Qasali Ambusher,1,1
Pyrokinesis,3,1
Pyroclasm,3,1
Pyroblast,108,1
Pyrite Spellbomb,10,1
Pyretic Ritual,10,1
Pyre of Heroes,9,1
Putrid Imp,2,1
Puresteel Paladin,2,1
Pulse Tracker,1,1
Pull from Tomorrow,5,1
Psychotic Haze,3,1
Psychotic Episode,3,1
Prowling Serpopard,1,1
Prowess of the Fair,1,1
Proteus Staff,6,1
Proteus Machine,3,1
Protean Hulk,15,1
Prophetic Ravings,3,1
Prophetic Prism,3,1
Prophet of Distortion,2,1
Promise of Power,3,1
Professor of Symbology,2,1
Retraction Helix,2,1
Return of the Wildspeaker,6,1
Reverberate,3,1
See the Truth,2,1
Seasons Past,4,1
Search for Glory,4,1
Seal of Removal,2,1
Seal of Primordium,4,1
Sea of Clouds,40,1
Sea Gate Stormcaller,8,1
Sea Gate Restoration,37,1
Scryb Ranger,8,1
Scrubland,65,1
Scroll Rack,8,1
Scrap Trawler,2,1
Scorched Ruins,4,1
Scholar of the Ages,3,1
Scheming Symmetry,10,1
Scavenging Ooze,3,1
Scavenger Grounds,3,1
Scapeshift,4,1
Scale Up,6,1
Scalding Tarn,254,1
Savannah,75,1
Savage Summoning,3,1
Saprazzan Skerry,11,1
Sapphire Medallion,17,1
Seat of the Synod,6,1
Seedborn Muse,23,1
Revolutionist,3,1
Seething Song,7,1
Shield Mate,2,1
Shepherd of Rot,1,1
Sheltering Ancient,4,1
Shatterskull Smashing,46,1
Shattering Spree,1,1
Shared Summons,8,1
Shaman of Forgotten Ways,2,1
Shallow Grave,21,1
"Shalai, Voice of Plenty",6,1
Shadow of the Grave,3,1
"Shabraz, the Skyshark",3,1
Sevinne's Reclamation,67,1
Serum Visions,2,1
Serra Ascendant,29,1
Sentinel's Eyes,2,1
Senseless Rage,3,1
Sensei's Divining Top,73,1
Semblance Anvil,2,1
"Selvala, Heart of the Wilds",7,1
"Selvala, Explorer Returned",2,1
Selesnya Signet,1,1
Selesnya Guildgate,1,1
Seize the Day,2,1
Sandstone Needle,4,1
Sandsteppe Citadel,1,1
Sands of Time,1,1
Sanctum of Stone Fangs,1,1
Rot Hulk,1,1
Root Maze,18,1
Rolling Earthquake,5,1
"Rograkh, Son of Rohgahh",21,1
Rocky Tar Pit,1,1
Rix Maadi Reveler,2,1
Riverglide Pathway,13,1
River of Tears,9,1
Rite of Flame,75,1
"Rishkar, Peema Renegade",5,1
Rishkar's Expertise,4,1
Riptide Laboratory,1,1
Rip Apart,2,1
"Rionya, Fire Dancer",2,1
Rings of Brighthearth,3,1
Rimewood Falls,3,1
Riftsweeper,3,1
"Rielle, the Everwise",1,1
Riddlesmith,3,1
Ricochet Trap,1,1
"Rick, Steadfast Leader",2,1
Rhythm of the Wild,2,1
Rhystic Study,208,1
Rough // Tumble,1,1
Ruby Medallion,4,1
Rugged Prairie,2,1
Sakashima of a Thousand Faces,8,1
Sanctum Weaver,5,1
Sanctum Prelate,12,1
Sanctifier en-Vec,4,1
"Samut, Voice of Dissent",2,1
Samurai of the Pale Curtain,2,1
Salvager of Ruin,2,1
Salvage Scout,2,1
Sakura-Tribe Scout,2,1
Sakashima's Student,4,1
Sakashima the Impostor,2,1
"Sai, Master Thopterist",3,1
Rule of Law,19,1
Safewright Quest,1,1
Sadistic Hypnotist,5,1
Sacrifice,11,1
Sacred Foundry,30,1
Rushing River,6,1
Rushed Rebirth,2,1
"Ruric Thar, the Unbowed",2,1
Runic Armasaur,4,1
Rune-Scarred Demon,2,1
Runaway Steam-Kin,2,1
Phyrexian Walker,30,1
Phyrexian Soulgorger,4,1
Abjure,2,1
Myr Moonvessel,4,1
"Muxus, Goblin Grandee",2,1
Mutavault,3,1
Murmuring Bosk,1,1
Murderous Redcap,2,1
Murderous Compulsion,3,1
Multani's Acolyte,2,1
Mulldrifter,2,1
"Muldrotha, the Gravetide",2,1
Muddle the Mixture,85,1
Muck Drubb,3,1
Mox Tantalite,2,1
Mox Opal,169,1
Mox Diamond,325,1
Mox Amber,78,1
Mouth of Ronom,9,1
Mountain,35,1
Mother of Runes,7,1
Mothdust Changeling,4,1
Mortarpod,2,1
Morphic Pool,93,1
Monk Class,2,1
"Momir Vig, Simic Visionary",1,1
Momentous Fall,4,1
Mycosynth Lattice,2,1
Myr Retriever,6,1
Mogg Salvage,4,1
Myr Sire,2,1
Necrogen Mists,1,1
Nature's Will,2,1
Nature's Lore,10,1
Nature's Claim,76,1
Nature's Chosen,2,1
Natural State,2,1
Natural Order,17,1
Nath of the Gilt-Leaf,5,1
"Naru Meha, Master Wizard",1,1
"Narset, Parter of Veils",41,1
"Narset, Enlightened Master",2,1
Narset's Reversal,36,1
Narset Transcendent,2,1
Narcomoeba,9,1
"Najeela, the Blade-Blossom",4,1
Mythos of Nethroi,1,1
Mystical Tutor,207,1
Mystical Dispute,9,1
Mystic Sanctuary,37,1
Mystic Remora,218,1
Mystic Reflection,3,1
Mystic Gate,2,1
Mystic Forge,9,1
Moggcatcher,3,1
Mogg Fanatic,4,1
Phyrexian Revoker,11,1
Mind Games,3,1
"Minamo, School at Water's Edge",15,1
"Mikokoro, Center of the Sea",4,1
"Mikaeus, the Unhallowed",2,1
Might of Old Krosa,4,1
"Miara, Thorn of the Glade",1,1
Metallic Mimic,7,1
Mesmeric Orb,3,1
Meren of Clan Nel Toth,2,1
Merchant of the Vale // Haggle,6,1
Merchant Scroll,43,1
Mental Note,4,1
Mental Misstep,212,1
Memory's Journey,11,1
Memory Jar,10,1
Memnite,40,1
Meltdown,9,1
Meloku the Clouded Mirror,3,1
"Melira, Sylvok Outcast",6,1
Meddling Mage,2,1
Maze's End,1,1
Maze of Ith,2,1
Mayhem Devil,25,1
Mausoleum Wanderer,2,1
Mind Bend,1,1
Mind Rake,3,1
Mobilize,2,1
Mind Stone,14,1
Mnemonic Betrayal,25,1
Mizzix's Mastery,24,1
Misty Rainforest,270,1
Misthollow Griffin,4,1
Mist-Syndicate Naga,2,1
Mission Briefing,3,1
"Mishra, Artificer Prodigy",1,1
Mishra's Workshop,11,1
Mishra's Factory,2,1
Mishra's Bauble,14,1
Misdirection,24,1
Miscast,119,1
Mirror of the Forebears,3,1
Mirror of Fate,2,1
Mirror Entity,3,1
Mirri's Guile,1,1
Mirran Spy,3,1
Mirage Mirror,2,1
Mine Collapse,1,1
Mindslicer,2,1
Mindbreak Trap,7,1
Mindblade Render,10,1
Mind's Desire,7,1
Necrogoyf,3,1
Necromancy,57,1
Necropanther,1,1
Paradise Mantle,7,1
Panharmonicon,1,1
Palinchron,1,1
Palace Jailer,2,1
"Pako, Arcane Retriever",3,1
Painter's Servant,5,1
Pact of Negation,199,1
Overmaster,6,1
Overgrowth,1,1
Overgrown Tomb,89,1
Overeager Apprentice,4,1
Overburden,2,1
Out of Time,2,1
Oswald Fiddlebender,6,1
"Osgir, the Reconstructor",2,1
Orzhov Signet,1,1
Orzhov Guildgate,1,1
"Orvar, the All-Form",3,1
Ornithopter of Paradise,6,1
Ornithopter,26,1
Orim's Chant,4,1
Oreskos Explorer,1,1
Orcish Lumberjack,9,1
Oracle of Mul Daya,3,1
Paradigm Shift,6,1
Paradoxical Outcome,3,1
Necropotence,102,1
Part the Waterveil,2,1
Phyrexian Metamorph,24,1
Phyrexian Dreadnought,4,1
Phyrexian Delver,1,1
Phyrexian Altar,8,1
Phantasmal Image,106,1
Pestilence,3,1
Pestermite,4,1
Personal Tutor,16,1
Persist,8,1
Perpetual Timepiece,2,1
Pernicious Deed,2,1
Perilous Myr,2,1
Peregrine Drake,2,1
Pentad Prism,2,1
Pendelhaven,4,1
Pemmin's Aura,2,1
Peer into the Abyss,78,1
Peat Bog,11,1
Pawn of Ulamog,2,1
Pattern of Rebirth,8,1
Path to Exile,10,1
Path of Ancestry,1,1
Past in Flames,10,1
Opt,13,1
Oppression,7,1
Opposition Agent,135,1
Ophiomancer,4,1
Noose Constrictor,2,1
Nomads en-Kor,4,1
Noble Hierarch,45,1
"Niv-Mizzet, Parun",4,1
Ninja of the Deep Hours,2,1
Nimble Obstructionist,1,1
Nim Deathmantle,1,1
"Nikara, Lair Scavenger",1,1
Nightshade Peddler,3,1
Nightshade Assassin,3,1
Night's Whisper,3,1
Night Market Lookout,1,1
"Nezahal, Primal Tide",5,1
Nexus of Fate,18,1
Nettle Sentinel,1,1
"Nethroi, Apex of Death",1,1
Nether Void,3,1
Nest of Scarabs,2,1
Neoform,57,1
"Neheb, Dreadhorde Champion",3,1
Negate,9,1
Needleverge Pathway,3,1
Need for Speed,2,1
Notion Thief,53,1
Noxious Revival,134,1
Null Rod,35,1
Ohran Frostfang,12,1
Ophidian Eye,5,1
Open the Gates,1,1
Open the Armory,2,1
One with Nothing,1,1
Omniscience,2,1
"Omnath, Locus of Creation",3,1
Omen of the Sea,3,1
Omen Machine,2,1
"Oko, Thief of Crowns",16,1
"Okaun, Eye of Chaos",2,1
"Oboro, Palace in the Clouds",8,1
Nullstone Gargoyle,2,1
Oboro Breezecaller,3,1
Oblivion Ring,1,1
Oblivion Crown,2,1
Oathsworn Vampire,2,1
Oath of Jace,3,1
Oath of Druids,2,1
Oakhame Adversary,17,1
"Nymris, Oona's Trickster",3,1
"Nykthos, Shrine to Nyx",15,1
Nurturing Peatland,44,1
Shield Sphere,14,1
Shimmer Myr,5,1
Shimmering Mirage,3,1
"Urborg, Tomb of Yawgmoth",28,1
Unsubstantiate,27,1
Unmarked Grave,25,1
Universal Automaton,7,1
Unexpectedly Absent,8,1
Unearth,7,1
Underworld Breach,139,1
Underrealm Lich,2,1
Undergrowth Stadium,45,1
Underground Sea,111,1
Underground River,43,1
Unbound Flourishing,3,1
Umezawa's Jitte,2,1
Umbral Mantle,12,1
Ulvenwald Tracker,2,1
Ulcerate,5,1
"Ulamog, the Infinite Gyre",2,1
"Ulamog, the Ceaseless Hunger",1,1
"Ukkima, Stalking Shadow",3,1
"Ugin, the Ineffable",1,1
Ugin's Nexus,2,1
Uba Mask,2,1
Tymna the Weaver,47,1
Twitch,3,1
Urborg,3,1
"Uro, Titan of Nature's Wrath",1,1
Twinflame,31,1
Urza's Bauble,8,1
Vendilion Clique,1,1
Veil of Summer,171,1
"Vega, the Watcher",1,1
Vedalken Aethermage,9,1
Vec Townships,1,1
Vault of Whispers,5,1
Vault of Champions,14,1
"Varragoth, Bloodsky Sire",6,1
"Varolz, the Scar-Striped",2,1
Vanishing Verse,1,1
Vandalblast,1,1
Vampiric Tutor,196,1
Vampire of the Dire Moon,2,1
Vampire Hexmage,1,1
Vampire Cutthroat,2,1
"Valki, God of Lies",1,1
"Valakut, the Molten Pinnacle",1,1
Valakut Awakening,8,1
"Vadrok, Apex of Thunder",2,1
Utopia Sprawl,45,1
"Urza, Lord High Artificer",13,1
Urza's Saga,42,1
Urza's Ruinous Blast,2,1
Twins of Maurer Estate,3,1
Twincast,1,1
"Shinka, the Bloodsoaked Keep",3,1
Trade Routes,10,1
"Toski, Bearer of Secrets",22,1
Torrential Gearhulk,3,1
Torpor Orb,10,1
Tormod's Crypt,7,1
Tormenting Voice,3,1
Torment of Hailfire,1,1
Torch Courier,10,1
"Toothy, Imaginary Friend",2,1
Tooth and Nail,8,1
Tolarian Winds,1,1
Tolaria West,3,1
"Toggo, Goblin Weaponsmith",1,1
To Arms!,2,1
Tithe Taker,4,1
Tireless Tribe,3,1
Tireless Tracker,3,1
Tireless Provisioner,6,1
"Tinybones, Trinket Thief",4,1
Tinder Wall,28,1
Timetwister,144,1
Timestream Navigator,2,1
Time Warp,16,1
Time Stretch,2,1
Toxic Deluge,22,1
Tragic Lesson,2,1
Twilight Mire,15,1
Training Center,51,1
Turntimber Symbiosis,15,1
Turnabout,1,1
Turbulent Dreams,1,1
Tundra,74,1
Tropical Island,98,1
Trophy Mage,9,1
Triskelion,1,1
Trinket Mage,18,1
Trinisphere,29,1
Tribute Mage,8,1
Trial of Knowledge,3,1
Treasure Vault,4,1
Treasure Map,1,1
Treasure Cruise,8,1
Treasonous Ogre,14,1
Treacherous Pit-Dweller,2,1
Traverse the Ulvenwald,1,1
Traumatize,2,1
Trash for Treasure,6,1
Transmute Artifact,36,1
Transmogrify,3,1
Trait Doctoring,1,1
Training Grounds,12,1
"Venser, Shaper Savant",9,1
Verdant Catacombs,203,1
Verity Circle,1,1
Worldly Tutor,110,1
Workshop Assistant,2,1
Words of Wind,3,1
Woodland Bellower,11,1
Wooded Foothills,126,1
Wooded Bastion,1,1
Withering Boon,3,1
Witherbloom Apprentice,15,1
Wishclaw Talisman,126,1
Wirewood Symbiote,11,1
Wirewood Lodge,2,1
Wirewood Channeler,2,1
Winter Orb,9,1
"Winota, Joiner of Forces",2,1
Wings of Velis Vel,2,1
Wingcrafter,2,1
Windswept Heath,133,1
Winds of Rebuke,60,1
Winds of Change,6,1
Winds of Abandon,1,1
Windfall,140,1
Wily Bandar,2,1
Wild Mongrel,2,1
Wild Growth,63,1
Worldgorger Dragon,12,1
Wrath of God,2,1
Vessel of Volatility,1,1
Xenograft,1,1
Zulaport Cutthroat,6,1
"Zndrsplt, Eye of Wisdom",2,1
"Zirda, the Dawnwaker",5,1
Zhalfirin Void,1,1
Zealous Persecution,3,1
Zealous Conscripts,5,1
"Zaxara, the Exemplary",2,1
"Yusri, Fortune's Flame",2,1
"Yuriko, the Tiger's Shadow",4,1
Young Wolf,5,1
You Find Some Prisoners,3,1
"Yisan, the Wanderer Bard",16,1
"Yidris, Maelstrom Wielder",2,1
"Yennett, Cryptic Sovereign",4,1
"Yawgmoth, Thran Physician",10,1
Yawgmoth's Will,69,1
"Yavimaya, Cradle of Growth",1,1
Yavimaya Hollow,2,1
Yavimaya Coast,5,1
"Yasharn, Implacable Earth",6,1
"Yannik, Scavenging Sentinel",1,1
Yahenni's Expertise,3,1
Xorn,3,1
Wild Cantor,4,1
Whitemane Lion,2,1
Whispers of the Muse,1,1
Whispering Madness,6,1
Voltaic Key,4,1
Volrath's Shapeshifter,1,1
Voldaren Pariah,3,1
Volcanic Island,110,1
Void Snare,3,1
Void Mirror,2,1
Voice of Many,2,1
Vizier of the Menagerie,1,1
"Vivien, Monsters' Advocate",6,1
Vitalize,6,1
Viscera Seer,20,1
Violent Eruption,3,1
Vines of Vastwood,4,1
Village Rites,5,1
Village Bell-Ringer,15,1
"Vilis, Broker of Blood",20,1
Victim of Night,3,1
Vicious Rumors,3,1
Vicious Conquistador,1,1
Vial Smasher the Fierce,12,1
"Veyran, Voice of Duality",3,1
Vexing Shusher,15,1
Vesuva,2,1
Voyaging Satyr,3,1
"Vraska, Golgari Queen",1,1
Vryn Wingmare,4,1
Wax // Wane,2,1
Whisperer of the Wilds,3,1
Whirlwind of Thought,1,1
Whir of Invention,19,1
Whim of Volrath,4,1
Wheel of Misfortune,82,1
Wheel of Fortune,137,1
Weird Harvest,4,1
Weathered Wayfarer,2,1
Weathered Runestone,12,1
Wear // Tear,11,1
Waves of Aggression,2,1
Walk the Aeons,5,1
Wavebreak Hippocamp,7,1
Watery Grave,81,1
Waterlogged Grove,40,1
Waste Not,10,1
Warlord's Fury,3,1
Wargate,1,1
War Room,7,1
Wandering Archaic,25,1
Wall of Roots,8,1
Walking Ballista,30,1
Time Spiral,6,1
Tidewater Minion,2,1
Tidespout Tyrant,9,1
Springleaf Drum,30,1
Splinter Twin,6,1
Splendid Reclamation,2,1
Spirit of the Labyrinth,4,1
Spirebluff Canal,5,1
Spire of Industry,78,1
Spire Garden,8,1
Spinerock Knoll,1,1
Spine of Ish Sah,5,1
Sphere of Resistance,15,1
Spellstutter Sprite,3,1
Spellskite,6,1
Spellseeker,98,1
Spell Snare,8,1
Spell Satchel,1,1
Spell Pierce,70,1
Spectral Sailor,10,1
Spectator Seating,9,1
Spawning Pit,2,1
Spark of Creativity,3,1
Spark Mage,3,1
Soul-Guide Lantern,8,1
Soul's Majesty,4,1
Songs of the Damned,5,1
Spoils of the Vault,1,1
Spy Kit,1,1
Street Wraith,3,1
Squandered Resources,7,1
Stranglehold,4,1
Storm-Kiln Artist,4,1
Storm Cauldron,3,1
Stony Silence,9,1
Stoneforge Mystic,10,1
Stonecoil Serpent,7,1
Stomping Ground,37,1
Stoke the Flames,3,1
Stitcher's Supplier,18,1
Stinging Study,3,1
Stifle,2,1
Stern Dismissal,7,1
Step Through,11,1
Steelshaper's Gift,2,1
Steam Vents,88,1
Steal Enchantment,5,1
Static Orb,6,1
Stasis,8,1
Startling Development,1,1
Starstorm,1,1
Staff of Domination,12,1
Squirrel Nest,12,1
"Squee, the Immortal",3,1
Song of the Dryads,1,1
Song of Creation,3,1
Somberwald Sage,6,1
Solve the Equation,44,1
"Sisay, Weatherlight Captain",3,1
Siren's Ruse,2,1
Sire of Insanity,1,1
Simic Signet,13,1
Simic Guildgate,1,1
Simian Spirit Guide,101,1
Silver Myr,2,1
Silundi Vision,1,1
Silent Clearing,7,1
Silence,140,1
"Silas Renn, Seeker Adept",4,1
Signal Pest,2,1
Sign in Blood,3,1
Sigil Tracer,3,1
"Sidisi, Undead Vizier",6,1
"Sidisi, Brood Tyrant",2,1
Sidisi's Faithful,11,1
Shrieking Drake,2,1
Shriekhorn,2,1
Shred Memory,2,1
"Shizo, Death's Storehouse",17,1
Shivan Reef,22,1
Shivan Gorge,5,1
Skirge Familiar,2,1
Skirk Prospector,19,1
Skophos Reaver,3,1
Snapback,5,1
Solitude,1,1
Sol Ring,331,1
Snuff Out,2,1
Snow-Covered Swamp,69,1
Snow-Covered Plains,22,1
Snow-Covered Mountain,16,1
Snow-Covered Island,75,1
Snow-Covered Forest,54,1
Sneak Attack,3,1
Snapcaster Mage,12,1
Snap,76,1
Skullclamp,30,1
Smuggler's Copter,6,1
Smothering Tithe,40,1
Slithermuse,2,1
Sling-Gang Lieutenant,2,1
Sleight of Mind,1,1
Sleight of Hand,10,1
Slaughter Pact,16,1
Skyscanner,2,1
Skyhunter Skirmisher,1,1
Skyclave Apparition,28,1
Strangleroot Geist,3,1
Strength of Lunacy,3,1
Tidal Bore,3,1
"Thada Adel, Acquisitor",2,1
"Tevesh Szat, Doom of Fools",8,1
"Tetsuko Umezawa, Fugitive",2,1
"Teshar, Ancestor's Apostle",2,1
Terminal Agony,3,1
"Tergrid, God of Fright",1,1
Tendrils of Agony,3,1
Tendershoot Dryad,1,1
Temur Sabertooth,13,1
Tempted by the Oriq,3,1
Temporal Trespass,4,1
Temporal Mastery,8,1
Temporal Manipulation,19,1
Temple Garden,37,1
"Teferi, Time Raveler",2,1
"Teferi, Master of Time",34,1
"Teferi, Hero of Dominaria",4,1
Teardrop Kami,2,1
"Tayam, Luminous Enigma",2,1
"Tawnos, Urza's Apprentice",1,1
Tavern Scoundrel,6,1
"Tatyova, Benthic Druid",7,1
"Tasigur, the Golden Fang",9,1
Tarnished Citadel,56,1
Tezzeret the Seeker,16,1
Thalia's Lancers,4,1
Strict Proctor,1,1
"Thalia, Guardian of Thraben",25,1
Tidal Barracuda,2,1
Tibalt's Trickery,21,1
Thunderclap,6,1
Through the Breach,1,1
Thrill of Possibility,10,1
Three Visits,13,1
"Thrasios, Triton Hero",38,1
Thran Quarry,4,1
Thran Dynamo,1,1
Thousand-Year Elixir,11,1
Thoughtseize,16,1
Thought-Knot Seer,2,1
Thought Scour,11,1
Thornbow Archer,1,1
Thorn of Amethyst,23,1
Thespian's Stage,1,1
Thermal Flux,3,1
Theoretical Duplication,1,1
The Tabernacle at Pendrell Vale,2,1
The Gitrog Monster,3,1
The First Sliver,2,1
The Biblioplex,3,1
Thassa's Oracle,123,1
Tangle Wire,33,1
Tandem Lookout,3,1
"Tana, the Bloodsower",16,1
Talisman of Resilience,4,1
Supreme Verdict,2,1
Sunscorched Desert,7,1
Sunscape Familiar,2,1
Sunpetal Grove,1,1
Sunken Ruins,23,1
Sunken Hollow,1,1
Sungrass Prairie,1,1
Sunforger,1,1
Sunbaked Canyon,7,1
Sun Titan,2,1
Summoner's Pact,23,1
Summer Bloom,6,1
Sulfurous Springs,9,1
Sudden Demise,2,1
Subterranean Tremors,2,1
Submerge,13,1
Sublime Exhalation,2,1
Stubborn Denial,2,1
Stromkirk Occultist,3,1
Stroke of Genius,3,1
Strip Mine,6,1
Strionic Resonator,4,1
Strike It Rich,6,1
Survival of the Fittest,68,1
Survivors' Encampment,3,1
Suspend,9,1
"Taigam, Ojutai Master",2,1
Talisman of Progress,44,1
Talisman of Indulgence,30,1
Talisman of Impulse,1,1
Talisman of Hierarchy,8,1
Talisman of Dominance,68,1
Talisman of Curiosity,22,1
Talisman of Creativity,58,1
Talisman of Conviction,7,1
Tale's End,1,1
Tainted Pact,166,1
Taiga,72,1
Swamp,74,1
Synthetic Destiny,1,1
Sylvan Tutor,12,1
Sylvan Scrying,2,1
Sylvan Safekeeper,33,1
Sylvan Library,152,1
"Sygg, River Cutthroat",4,1
Swords to Plowshares,65,1
Sword of Fire and Ice,5,1
Sword of Feast and Famine,1,1
Swan Song,212,1
Mausoleum Secrets,14,1
Mastermind's Acquisition,3,1
Mask of the Mimic,1,1
Cragcrown Pathway,2,1
Cover of Darkness,2,1
Countersquall,2,1
Counterspell,35,1
Counterbalance,14,1
Corridor Monitor,4,1
Corpse Knight,10,1
Corpse Dance,6,1
Cornered Market,1,1
Copy Artifact,36,1
Copperline Gorge,2,1
Contamination,1,1
Containment Priest,4,1
Conspiracy Theorist,8,1
Conspiracy,1,1
Conspicuous Snoop,6,1
Consecrated Sphinx,14,1
Conqueror's Flail,7,1
Conjurer's Bauble,13,1
Congregation at Dawn,2,1
Concordant Crossroads,2,1
Conclave Tribunal,2,1
Conclave Mentor,3,1
Compost,8,1
Coveted Jewel,5,1
Crash Through,3,1
Commandeer,2,1
Crashing Drawbridge,2,1
Dakmor Salvage,2,1
Dack Fayden,3,1
Cyclonic Rift,122,1
Cursed Totem,40,1
Cursed Mirror,8,1
Cursecatcher,2,1
Curse of Opulence,1,1
Curse of Fool's Wisdom,3,1
Curious Obsession,2,1
Curiosity,14,1
Culling the Weak,81,1
Culling Ritual,43,1
Crystal Vein,22,1
Crystal Spray,3,1
Cryptic Trilobite,8,1
Cryptic Command,2,1
Crucible of Worlds,4,1
Crop Rotation,85,1
Crookshank Kobolds,10,1
Crippling Fear,5,1
Crimson Wisps,3,1
Crimson Kobolds,10,1
Craterhoof Behemoth,2,1
Commander's Plate,1,1
Command Tower,290,1
Emergence Zone,60,1
Children of Korlis,4,1
Chaos Warp,11,1
Changeling Outcast,6,1
Chandler,1,1
Chancellor of the Tangle,1,1
Chalice of the Void,29,1
Chakram Retriever,2,1
Chains of Mephistopheles,13,1
"Chainer, Dementia Master",3,1
Chain of Vapor,162,1
Chain of Smog,15,1
Cephalid Illusionist,6,1
Cephalid Coliseum,68,1
Centaur Garden,2,1
"Cazur, Ruthless Stalker",3,1
Caves of Koilos,2,1
Cavern of Souls,79,1
Cavalry Pegasus,2,1
Caustic Caterpillar,7,1
Cathartic Reunion,3,1
Catastrophe,2,1
Cataclysm,2,1
Castle Locthwain,2,1
Castle Garenbrig,6,1
Charcoal Diamond,1,1
Choke,3,1
Command Beacon,11,1
Chord of Calling,52,1
Combat Celebrant,2,1
Colossus Hammer,1,1
Collector Ouphe,62,1
Collective Brutality,5,1
Codex Shredder,15,1
Coalition Relic,2,1
Cloudstone Curio,34,1
Cloud of Faeries,10,1
Cloud Key,3,1
Clockspinning,3,1
Clock of Omens,3,1
Cling to Dust,2,1
Clearwater Pathway,12,1
City of Traitors,45,1
City of Brass,261,1
Citanul Flute,2,1
Circle of Dreams Druid,2,1
Cinderclasm,2,1
"Chulane, Teller of Tales",3,1
Chrome Mox,340,1
Chromatic Star,9,1
Chromatic Sphere,9,1
Chromatic Orrery,6,1
Damn,9,1
Damping Sphere,14,1
Dance of Many,4,1
Dwarven Grunt,3,1
Duress,7,1
Dualcaster Mage,27,1
Dryad of the Ilysian Grove,2,1
Dryad Arbor,17,1
Drown in the Loch,8,1
Drift of Phantasms,4,1
Dress Down,11,1
Dreadhorde Invasion,2,1
Dreadhorde Arcanist,2,1
Dread Return,11,1
Drannith Magistrate,82,1
Dramatic Reversal,64,1
Dragonlord Ojutai,2,1
Dragon's Rage Channeler,30,1
"Dovin, Hand of Control",1,1
Dovin's Veto,23,1
Dovescape,2,1
Dosan the Falling Leaf,3,1
Doomsday,15,1
Doom Whisperer,6,1
"Domri, Anarch of Bolas",1,1
Dockside Extortionist,181,1
Dizzy Spell,3,1
Dwarven Armorer,3,1
Dwarven Ruins,4,1
Dance of the Dead,33,1
Dwarven Scorcher,3,1
Elvish Visionary,2,1
Elvish Spirit Guide,66,1
Elvish Pioneer,2,1
Elvish Mystic,114,1
Elvish Harbinger,2,1
Elvish Archdruid,2,1
Elves of Deep Shadow,85,1
Elsha of the Infinite,2,1
Elixir of Immortality,3,1
"Elesh Norn, Grand Cenobite",16,1
Electrickery,5,1
Eldritch Evolution,87,1
Eldrazi Displacer,2,1
Eladamri's Call,54,1
Eiganjo Castle,3,1
Eidolon of the Great Revel,1,1
Eidolon of Rhetoric,23,1
Edgar Markov,2,1
Ecological Appreciation,2,1
Echo of Eons,2,1
Ebon Stronghold,2,1
Earthcraft,20,1
Dwarven Trader,3,1
Divining Witch,2,1
Diviner's Wand,1,1
Divergent Transformations,4,1
Distemper of the Blood,3,1
Deceiver Exarch,2,1
Deathrite Shaman,113,1
Deathgreeter,2,1
Death's Oasis,1,1
Death Cloud,3,1
Deafening Silence,39,1
Deadly Rollick,22,1
Deadeye Navigator,2,1
Daze,7,1
Dauthi Voidwalker,89,1
Darksteel Relic,1,1
Darksteel Mutation,1,1
Darksteel Citadel,2,1
Darkslick Shores,24,1
Darkbore Pathway,9,1
Darkblast,2,1
Dark Withering,3,1
Dark Ritual,149,1
Dark Petition,9,1
Dark Depths,1,1
Dark Deal,3,1
Dark Confidant,81,1
"Daretti, Scrap Savant",5,1
Defense Grid,17,1
Deflecting Swat,139,1
Delay,61,1
Dig Through Time,31,1
Disrupting Shoal,2,1
Displace,1,1
Dispel,124,1
Dismember,3,1
Disciple of the Vault,8,1
Dire Fleet Daredevil,3,1
"Dina, Soul Steeper",2,1
Dimir Signet,33,1
Dimir Guildgate,1,1
Diminishing Returns,1,1
Diabolic Tutor,3,1
Demonic Consultation,125,1
Diabolic Intent,120,1
Devoted Druid,5,1
Detention Sphere,3,1
Destiny Spinner,39,1
Desperate Ritual,10,1
Despark,1,1
Deserted Temple,5,1
Dermotaxi,3,1
"Derevi, Empyrial Tactician",10,1
Demonic Tutor,197,1
Cascade Bluffs,4,1
Carrion Feeder,11,1
Carpet of Flowers,177,1
Armageddon,2,1
Argothian Elder,2,1
Argentum Armor,2,1
Argent Mutation,3,1
"Ardenn, Intrepid Archaeologist",1,1
Arcum's Astrolabe,4,1
Arcum Dagsson,2,1
Archon of Valor's Reach,8,1
Archon of Emeria,30,1
Archmage's Charm,3,1
Archmage Emeritus,16,1
Archfiend of Spite,3,1
Arch of Orazca,3,1
Arcbound Ravager,2,1
Arcane Signet,207,1
Arcane Laboratory,4,1
Arcane Denial,3,1
Arcane Adaptation,3,1
Arbor Elf,94,1
Araumi of the Dead Tide,2,1
Aquitect's Will,3,1
Apprentice Necromancer,9,1
Aphetto Alchemist,2,1
Anticipate,1,1
Arid Mesa,199,1
"Armix, Filigree Thrasher",3,1
"Baral, Chief of Compliance",6,1
"Ashaya, Soul of the Wild",11,1
Bane of Progress,2,1
Baleful Mastery,3,1
Badlands,106,1
Back to Basics,21,1
"Azusa, Lost but Seeking",4,1
Azra Oddsmaker,8,1
Azorius Signet,21,1
Azorius Guildgate,1,1
"Azami, Lady of Scrolls",3,1
Aven Mindcensor,55,1
Avacyn's Pilgrim,64,1
Avacyn's Judgment,3,1
Autumn's Veil,29,1
Auriok Steelshaper,2,1
Auriok Salvagers,13,1
Aura of Silence,3,1
Attune with Aether,1,1
"Atla Palani, Nest Tender",1,1
Asylum Visitor,3,1
Assassin's Trophy,92,1
Ashnod's Transmogrant,3,1
Ashnod's Altar,6,1
"Ashiok, Dream Render",8,1
Anje's Ravager,5,1
Anje Falkenrath,3,1
Animate Dead,62,1
"Animar, Soul of Elements",2,1
"Ajani, Strength of the Pride",1,1
"Ajani, Adversary of Tyrants",1,1
Ajani's Pridemate,1,1
Ajani's Chosen,1,1
Agent of Treachery,2,1
Agadeem's Awakening,12,1
Aetherflux Reservoir,11,1
Aether Vial,3,1
Aether Tradewinds,2,1
Aether Spellbomb,14,1
Aether Adept,3,1
"Aesi, Tyrant of Gyre Strait",6,1
Adorned Pouncer,1,1
Adarkar Wastes,12,1
Adaptive Automaton,3,1
Ad Nauseam,141,1
Academy Ruins,4,1
Academy Rector,9,1
Abyssal Persecutor,1,1
Abundant Harvest,2,1
Abundance,3,1
Abrupt Decay,109,1
Abrade,48,1
"Akiri, Line-Slinger",2,1
Alchemist's Greeting,3,1
"Alena, Kessig Trapper",2,1
Amulet of Vigor,2,1
Anger,5,1
Angelic Ascension,1,1
Angel's Grace,1,1
Angel of the Ruins,2,1
Ancient Ziggurat,2,1
Ancient Tomb,269,1
Ancient Den,6,1
Ancient Animus,2,1
Ancestral Statue,2,1
Ancestral Knowledge,3,1
Amoeboid Changeling,2,1
Allosaurus Shepherd,36,1
"Aminatou, the Fateshifter",5,1
Aminatou's Augury,2,1
Aluren,2,1
Alter Reality,3,1
Altar of the Brood,1,1
Altar of Dementia,6,1
Altar of Bone,2,1
Alseid of Life's Bounty,2,1
Alms of the Vein,3,1
Alms Collector,1,1
Banishing Knack,2,1
Barbarian Ring,9,1
Carnival of Souls,2,1
Bribery,10,1
Breeding Pool,100,1
"Breeches, Brazen Plunderer",2,1
Breakthrough,1,1
Break Ties,1,1
Breaching Hippocamp,2,1
Brazen Borrower // Petty Theft,8,1
Brass Squire,1,1
Branchloft Pathway,2,1
"Brallin, Skyshark Rider",3,1
Brainstorm,203,1
Brain Freeze,98,1
"Brago, King Eternal",3,1
Bountiful Promenade,17,1
Bounding Krasis,2,1
Bottomless Pit,1,1
Botanical Sanctum,2,1
"Boseiju, Who Shelters All",15,1
Boros Guildgate,1,1
Boreal Druid,36,1
Boon of the Wish-Giver,1,1
Bonus Round,7,1
Bonders' Enclave,3,1
Bond Beetle,2,1
"Breya, Etherium Shaper",2,1
Bridge from Below,2,1
Barkchannel Pathway,3,1
Bring to Light,1,1
Careful Study,13,1
Caravan Vigil,1,1
Capture of Jingzhou,16,1
Captain Sisay,8,1
Captain Lannery Storm,2,1
Capsize,1,1
Candelabra of Tawnos,2,1
Call to the Netherworld,3,1
Cabal Therapy,17,1
Cabal Therapist,1,1
Cabal Ritual,103,1
Cabal Pit,23,1
Butcher Ghoul,2,1
Burnt Offering,10,1
Burnout,4,1
Burning Inquiry,23,1
Buried Ruin,10,1
Buried Alive,24,1
Burgeoning,5,1
Bubbling Muck,2,1
Brushland,10,1
"Bruse Tarl, Boorish Herder",11,1
Bronzehide Lion,1,1
Bolt Bend,2,1
Bolas's Citadel,23,1
Bojuka Bog,1,1
Body Snatcher,11,1
Birthing Pod,23,1
"Birgi, God of Storytelling",49,1
Birds of Paradise,157,1
Birchlore Rangers,1,1
Biomancer's Familiar,2,1
Bile Blight,3,1
Big Game Hunter,3,1
Beseech the Queen,3,1
Berserk,2,1
Benevolent Bodyguard,2,1
Benefactor's Draught,4,1
"Belbe, Corrupted Observer",1,1
Beastcaller Savant,2,1
Beast Within,16,1
Beast Whisperer,2,1
Beacon of Tomorrows,2,1
Bazaar of Wonders,1,1
Bazaar of Baghdad,8,1
Bayou,117,1
Battlefield Thaumaturge,1,1
Battlefield Forge,8,1
Basalt Monolith,18,1
"Barrin, Master Wizard",13,1
Biting Rain,3,1
Bitterblossom,5,1
Blackcleave Cliffs,5,1
Blood Moon,10,1
Blue Sun's Zenith,6,1
Blossoming Defense,1,1
Blooming Marsh,4,1
Bloom Tender,59,1
Bloodstained Mire,248,1
Bloodmad Vampire,3,1
Bloodline Pretender,3,1
Bloodhall Priest,3,1
Bloodfire Dwarf,3,1
Blood Pet,11,1
Blood Crypt,61,1
Blade Historian,2,1
Blood Celebrant,3,1
Blood Artist,8,1
Blinkmoth Nexus,6,1
Blink of an Eye,5,1
Blind Obedience,7,1
Blightstep Pathway,2,1
Blazing Volley,3,1
Blazing Rootwalla,3,1
Blasting Station,3,1
Blast Zone,12,1
Embercleave,2,1
Emeria's Call,11,1
Mask of Memory,3,1
Jolt,3,1
Jinx,3,1
"Jin-Gitaxias, Core Augur",2,1
"Jhoira, Weatherlight Captain",3,1
Jeweled Lotus,214,1
Jeweled Amulet,17,1
Jet Medallion,7,1
Jeskai Ascendancy,2,1
"Jeska, Thrice Reborn",7,1
Jeska's Will,96,1
"Jeleva, Nephalia's Scourge",2,1
"Jegantha, the Wellspring",1,1
"Jace, the Mind Sculptor",5,1
"Jace, Wielder of Mysteries",14,1
"Jace, Vryn's Prodigy",11,1
Izzet Staticaster,2,1
Izzet Signet,29,1
Izzet Guildgate,1,1
Izzet Charm,8,1
Isochron Scepter,57,1
Island,126,1
"Ishai, Ojutai Dragonspeaker",2,1
Ipnu Rivulet,3,1
Invigorate,4,1
"Jodah, Archmage Eternal",1,1
Joraga Treespeaker,15,1
Intuition,90,1
"Jorn, God of Winter",3,1
Kenrith's Transformation,8,1
"Kels, Fight Fixer",2,1
Keeper of Fables,1,1
Keen Sense,5,1
"Kediss, Emberclaw Familiar",2,1
"Kataki, War's Wage",5,1
Karplusan Forest,2,1
"Karn, the Great Creator",19,1
"Karn, Scion of Urza",2,1
Karn's Temporal Sundering,2,1
Karn's Bastion,2,1
Karmic Guide,15,1
Karametra's Acolyte,4,1
"Kambal, Consul of Allocation",2,1
"Kamahl, Heart of Krosa",2,1
"Kamahl, Fist of Krosa",3,1
"Kalamax, the Stormsire",2,1
"Kalain, Reclusive Painter",2,1
"Kaheera, the Orphanguard",1,1
Kabira Takedown,1,1
Kaalia of the Vast,2,1
"K'rrik, Son of Yawgmoth",3,1
Junk Diver,2,1
Inventors' Fair,27,1
Into the Roil,4,1
Emiel the Blessed,29,1
Ignoble Hierarch,27,1
Idyllic Tutor,3,1
Idol of Oblivion,3,1
Ichor Wellspring,2,1
Ice Tunnel,3,1
Hyrax Tower Scout,10,1
Hushwing Gryff,5,1
Hushbringer,8,1
Hurkyl's Recall,4,1
Hungry Lynx,1,1
Hullbreacher,185,1
Horizon Canopy,27,1
Hope of Ghirapur,29,1
Honor-Worn Shaku,1,1
Homeward Path,42,1
Holdout Settlement,3,1
Hinterland Harbor,2,1
High Tide,9,1
High Market,3,1
Hidden Strings,5,1
Heroic Intervention,1,1
Hermit Druid,13,1
Heritage Druid,1,1
Hengegate Pathway,4,1
Ifnir Deadlands,5,1
"Ikra Shidiqi, the Usurper",6,1
Instill Energy,2,1
Illusionist's Bracers,2,1
Inspiring Vantage,3,1
Insolent Neonate,5,1
Inkmoth Nexus,6,1
Ingenious Smith,2,1
Ingenious Infiltrator,2,1
Infuse,3,1
Inferno Titan,2,1
Infernal Plunge,14,1
Infernal Darkness,3,1
Indulgent Aristocrat,2,1
Indomitable Creativity,1,1
Indatha Triome,1,1
Incubation Druid,2,1
Incorrigible Youths,3,1
"Inalla, Archmage Ritualist",3,1
Impulsive Pilferer,2,1
Impulse,14,1
Imprisoned in the Moon,1,1
Imperial Seal,193,1
Imperial Recruiter,47,1
Imp's Mischief,21,1
Ilysian Caryatid,3,1
Illusionist's Stratagem,1,1
"Kenrith, the Returned King",11,1
"Kess, Dissident Mage",4,1
Kessig Wolf Run,4,1
Magus of the Bazaar,1,1
Magmatic Insight,3,1
"Magda, Brazen Outlaw",8,1
Luxury Suite,55,1
Lurrus of the Dream-Den,7,1
Lure of Prey,2,1
"Lukka, Coppercoat Outcast",1,1
Loyal Retainers,5,1
Loyal Drake,2,1
Loyal Apprentice,21,1
Lotus Petal,255,1
Lotus Cobra,12,1
Lose Focus,2,1
Lore Drakkis,9,1
Long-Term Plans,8,1
Lonely Sandbar,1,1
Lodestone Golem,3,1
Llanowar Wastes,24,1
Llanowar Tribe,1,1
Llanowar Elves,107,1
Living Plane,6,1
Lithoform Engine,5,1
Liquimetal Torque,5,1
Liquimetal Coating,3,1
Magnetic Theft,1,1
Magus of the Candelabra,2,1
"Kiki-Jiki, Mirror Breaker",22,1
Magus of the Moon,11,1
Mask of Immolation,2,1
"Marwyn, the Nurturer",4,1
Marsh Flats,234,1
Mardu Shadowspear,1,1
"Marath, Will of the Wild",3,1
Maralen of the Mornsong,6,1
Manifold Key,1,1
Manifold Insights,2,1
Manglehorn,12,1
Manamorphose,17,1
Manakin,2,1
Manabond,1,1
Mana Web,1,1
Mana Vault,261,1
Mana Tithe,2,1
Mana Maze,3,1
Mana Leak,5,1
Mana Drain,134,1
Mana Crypt,335,1
Mana Confluence,256,1
Mana Breach,2,1
Malevolent Whispers,3,1
"Malcolm, Keen-Eyed Navigator",6,1
Lion's Eye Diamond,161,1
"Linvala, Keeper of Silence",22,1
Lim-DÃ»l's Vault,70,1
Liliana's Standard Bearer,2,1
"Kunoros, Hound of Athreos",2,1
Kuldotha Rebirth,2,1
"Kroxa, Titan of Death's Hunger",3,1
Krosan Wayfarer,2,1
"Kraum, Ludevic's Opus",17,1
Krark-Clan Ironworks,3,1
"Krark, the Thumbless",7,1
Krark's Thumb,6,1
"Kozilek, Butcher of Truth",3,1
"Korvold, Fae-Cursed King",4,1
Kor Haven,2,1
"Koma, Cosmos Serpent",1,1
"Koll, the Forgemaster",2,1
"Kogla, the Titan Ape",6,1
Kodama of the East Tree,7,1
Kobolds of Kher Keep,6,1
Knowledge Exploitation,6,1
Knight of the Reliquary,2,1
Kitchen Imp,3,1
Kiri-Onna,2,1
"Kira, Great Glass-Spinner",2,1
Kiora's Follower,4,1
"Kinnan, Bonder Prodigy",16,1
"Kykar, Wind's Fury",3,1
Kyren Legate,2,1
Laboratory Maniac,21,1
Leyline of the Void,1,1
Liliana of the Veil,1,1
Lightning-Rig Crew,2,1
Lightning Greaves,18,1
Lightning Bolt,19,1
Lightning Axe,2,1
Life's Legacy,2,1
Life from the Loam,5,1
Life and Limb,1,1
Life // Death,22,1
Liberated Dwarf,3,1
Leveler,1,1
Lake of the Dead,7,1
Lesser Masticore,8,1
Leshrac's Sigil,3,1
Leonin Relic-Warder,20,1
Legion Warboss,2,1
Leechridden Swamp,1,1
Lay of the Land,1,1
"Lavinia, Azorius Renegade",15,1
Lava Dart,5,1
Last Chance,3,1
Land Grant,2,1
Helm of the Host,4,1
Helm of Obedience,2,1
Helm of Awakening,12,1
Flood of Recollection,1,1
Flawless Maneuver,2,1
Flash of Insight,5,1
Flamescroll Celebrant,7,1
Flamekin Harbinger,3,1
Flame Sweep,3,1
Firestorm,1,1
Fire-Lit Thicket,2,1
Fire Prophecy,2,1
Fire Covenant,17,1
Finale of Promise,6,1
Finale of Devastation,98,1
Final Parting,5,1
Final Fortune,33,1
Filigree Sages,2,1
Filigree Familiar,2,1
Fighter Class,2,1
Fiery Temper,3,1
Fiery Islet,30,1
Fiery Cannonade,2,1
Fierce Guardianship,166,1
Fierce Empath,5,1
Fiend Artisan,11,1
Field of the Dead,4,1
Fleecemane Lion,1,1
Flooded Grove,4,1
Gamble,145,1
Flooded Strand,271,1
Gaea's Cradle,99,1
Gaea's Avenger,2,1
Fyndhorn Elves,104,1
Fury of the Horde,2,1
Fury,1,1
Frostveil Ambush,1,1
From Under the Floorboards,3,1
Frenetic Efreet,2,1
Freed from the Real,2,1
Frantic Search,27,1
Fracture,2,1
Foundry Inspector,2,1
Fork,6,1
Forest,65,1
Forerunner of the Legion,1,1
Force of Will,211,1
Force of Vigor,27,1
Force of Negation,144,1
Force of Despair,1,1
Forbidden Orchard,120,1
Footsteps of the Goryo,3,1
Food Chain,5,1
Flusterstorm,213,1
Fetid Heath,8,1
Fervent Mastery,5,1
Fervent Champion,2,1
Fertile Ground,4,1
Exotic Orchard,232,1
Exhume,7,1
Evolutionary Leap,1,1
Everflowing Chalice,17,1
Ethersworn Canonist,26,1
Etherium Sculptor,4,1
Eternal Witness,61,1
Eternal Scourge,4,1
Essence Warden,2,1
Essence Flux,6,1
Esper Sentinel,73,1
"Esika, God of the Tree",2,1
Epiphany at the Drownyard,1,1
Ephemerate,23,1
Entomb,92,1
Enter the Infinite,3,1
Enslaved Dwarf,3,1
Enlightened Tutor,148,1
Enlightened Ascetic,1,1
Enervate,3,1
Energy Tap,6,1
Endurance,27,1
"Emry, Lurker of the Loch",8,1
Expedite,3,1
Expedition Map,14,1
Experimental Frenzy,3,1
Faithless Looting,52,1
Fellwar Stone,180,1
Felidar Retreat,2,1
Felidar Guardian,14,1
Felidar Cub,1,1
Feed the Swarm,8,1
"Fblthp, the Lost",1,1
Fauna Shaman,8,1
Fatestitcher,13,1
Fatal Push,2,1
Farseek,1,1
Faerie Seer,4,1
Exploration,18,1
Faerie Macabre,1,1
Faeburrow Elder,7,1
Fact or Fiction,2,1
Fabricate,27,1
"Extus, Oriq Overlord",2,1
Extract,4,1
Exsanguinate,2,1
Exquisite Blood,2,1
Expropriate,2,1
Explore,1,1
Galvanic Relay,3,1
Garruk's Harbinger,2,1
Hell Mongrel,3,1
Grim Monolith,175,1
"Grenzo, Dungeon Warden",2,1
Greenwarden of Murasa,2,1
Green Sun's Zenith,58,1
Greater Good,2,1
Greater Gargadon,2,1
Great Oak Guardian,6,1
Great Furnace,8,1
Gray Merchant of Asphodel,4,1
Graven Cairns,12,1
Grave Scrabbler,3,1
Grasp of Fate,5,1
Grasp of Darkness,3,1
Grapeshot,6,1
Grand Arbiter Augustin IV,2,1
Grand Abolisher,89,1
Grafdigger's Cage,22,1
Gorgon Recluse,3,1
Good-Fortune Unicorn,1,1
"Gonti, Lord of Luxury",1,1
"Golos, Tireless Pilgrim",5,1
Golgari Thug,2,1
Golgari Signet,2,1
Golgari Guildgate,1,1
Grim Flayer,2,1
Grim Tutor,14,1
"Garruk, Primal Hunter",4,1
Grinding Station,49,1
"Heliod, Sun-Crowned",3,1
Heliod's Intervention,9,1
Hedron Crab,2,1
Heat Shimmer,9,1
Hashep Oasis,2,1
Harrow,3,1
Harmonize,2,1
Harmonic Prodigy,3,1
"Hapatra, Vizier of Poisons",4,1
Hangarback Walker,4,1
Hammer of Nazahn,2,1
Hallowed Fountain,58,1
Hall of the Bandit Lord,7,1
"Haldan, Avid Arcanist",3,1
Guttersnipe,3,1
Gut Shot,1,1
Gush,11,1
Gruul Guildgate,1,1
Growth Spiral,3,1
Grove of the Burnwillows,3,1
"Grist, the Hunger Tide",3,1
Grinning Ignus,3,1
Grindstone,2,1
Golgari Grave-Troll,2,1
Gold Myr,2,1
"Godo, Bandit Warlord",3,1
Godless Shrine,41,1
Gingerbrute,2,1
Gilt-Leaf Palace,2,1
Gilded Lotus,1,1
Gilded Drake,130,1
Gideon Blackblade,1,1
Gibbering Descent,3,1
Giant Killer // Chop Down,3,1
Ghoulcaller's Bell,2,1
Ghostly Pilferer,16,1
Ghostly Flicker,6,1
Ghost of Ramirez DePietro,2,1
"Ghave, Guru of Spores",3,1
"Ghalta, Primal Hunger",4,1
Geth's Grimoire,3,1
Geralf's Messenger,2,1
Genesis Wave,2,1
Genesis Chamber,2,1
Generous Patron,5,1
Generous Gift,2,1
Generator Servant,2,1
Gemstone Mine,20,1
Gemstone Caverns,284,1
Geier Reach Sanitarium,9,1
Gisa's Bidding,3,1
Gitaxian Probe,144,1
Giver of Runes,7,1
Goblin Charbelcher,1,1
God-Pharaoh's Statue,7,1
Goblin Welder,25,1
Goblin Sledder,1,1
Goblin Sharpshooter,7,1
Goblin Recruiter,11,1
Goblin Rabblemaster,2,1
Goblin Matron,10,1
Goblin Lackey,2,1
Goblin Engineer,15,1
Goblin Cratermaker,4,1
Goblin Cannon,1,1
Glacial Fortress,2,1
Goblin Bombardment,8,1
Goblin Anarchomancer,2,1
Go for Blood,1,1
Glowrider,2,1
Glint-Horn Buccaneer,7,1
Glint Hawk,2,1
Glimpse of Nature,3,1
Glimmervoid,10,1
Glen Elendra Archmage,2,1
Glamerdye,4,1
Zur's Weirding,2,1
